单位名称,类别,置信度,理由,行业,最近年度总资产,净资产,年度净利润,净现金流,财务数据年份,实控人姓名,实控人国籍,出现年份,出现次数,毕业去向样例
万控智造股份有限公司,大型民企,高,该公司为A股上市公司，主营电气机柜，属于大型民营企业。,电气机械和器材制造业,未知,未知,未知,未知,未知,未知,中国,2023,2,签就业协议形式就业
三只松鼠（无为）有限责任公司,大型民企,高,三只松鼠为知名上市公司，其无为子公司属于大型民营企业。,食品制造业,未知,未知,未知,未知,未知,章燎原,中国,2023,1,签劳动合同形式就业
上海倍缇亚科技有限公司,中小民企,中,根据公开信息，该公司为自然人投资或控股的有限责任公司，规模较小，属于中小型民营企业。,科技推广和应用服务业,未知,未知,未知,未知,未知,未知,未知,2023,1,签就业协议形式就业
上海复旦微电子集团股份有限公司,大型民企,高,该公司为上市公司（股票代码：688385），无实际控制人，属于大型民营高科技企业。,集成电路设计,约80亿元,约50亿元,约7亿元,未知,2023,无实际控制人,不适用,2023,1,签劳动合同形式就业
上海工程技术大学,高校/升学,高,毕业去向或单位名称指向升学/高校,不适用,不适用,不适用,不适用,不适用,不适用,不适用,不适用,2023,1,境内升学
上海市军天湖监狱,机关事业单位/基层项目,高,监狱是国家刑罚执行机关，属于机关事业单位。,不适用,不适用,不适用,不适用,不适用,不适用,不适用,不适用,2023,1,签就业协议形式就业
上海师范大学,高校/升学,高,毕业去向或单位名称指向升学/高校,不适用,不适用,不适用,不适用,不适用,不适用,不适用,不适用,2024,1,境内升学
上海泷得自动化技术有限公司,中小民企,中,根据公开信息，该公司为自然人投资或控股的有限责任公司，规模较小，属于中小型民营企业。,自动化技术,未知,未知,未知,未知,未知,未知,未知,2023,2,签劳动合同形式就业
上海海洋大学,高校/升学,高,毕业去向或单位名称指向升学/高校,不适用,不适用,不适用,不适用,不适用,不适用,不适用,不适用,2024,2,境内升学
上海电机学院,高校/升学,高,毕业去向或单位名称指向升学/高校,不适用,不适用,不适用,不适用,不适用,不适用,不适用,不适用,2024,1,境内升学
上海百准测控技术有限公司,中小民企,中,根据公开信息，该公司为自然人投资或控股的有限责任公司，规模较小，属于中小型民营企业。,测控技术,未知,未知,未知,未知,未知,未知,未知,2023,1,签劳动合同形式就业
上海盛图南建筑机械有限公司,中小民企,中,根据公开信息，该公司为自然人投资或控股的有限责任公司，规模较小，属于中小型民营企业。,建筑机械,未知,未知,未知,未知,未知,未知,未知,2023,1,签就业协议形式就业
上海盛鼎铭教育科技有限公司,中小民企,中,根据公开信息，该公司为自然人投资或控股的有限责任公司，规模较小，属于中小型民营企业。,教育科技,未知,未知,未知,未知,未知,未知,未知,2023,1,签就业协议形式就业
上海芬能自动化技术股份有限公司,中小民企,中,该公司为股份有限公司（非上市），根据公开信息，其规模未达到大型企业标准，属于中小型民营企业。,自动化技术,未知,未知,未知,未知,未知,未知,未知,2023,1,签劳动合同形式就业
东北电力大学,高校/升学,高,毕业去向或单位名称指向升学/高校,不适用,不适用,不适用,不适用,不适用,不适用,不适用,不适用,"2023,2024",2,境内升学
东华大学,高校/升学,高,毕业去向或单位名称指向升学/高校,不适用,不适用,不适用,不适用,不适用,不适用,不适用,不适用,2023,1,境内升学
东莞市台铃车业有限公司,大型民企,高,台铃是知名电动两轮车品牌，企业规模较大，属于大型民营企业。,电动两轮车制造,未知,未知,未知,未知,未知,未知,中国,2023,1,签劳动合同形式就业
东阳市市场监督管理局（东阳市知识产权局、东阳市木雕红木家居产业发展局）,机关事业单位/基层项目,高,市场监督管理局属于政府机关单位。,不适用,不适用,不适用,不适用,不适用,不适用,不适用,不适用,2023,1,签劳动合同形式就业
中国农业银行股份有限公司安徽省分行,国企,高,中国农业银行是国有控股大型商业银行，其省分行属于国企分支机构。,银行金融,未知,未知,未知,未知,未知,不适用,不适用,2023,1,签就业协议形式就业
中国农业银行股份有限公司庐江白湖支行,国企,高,中国农业银行是国有控股大型商业银行，其支行属于国企分支机构。,银行金融,未知,未知,未知,未知,未知,不适用,不适用,2023,1,签就业协议形式就业
中国平安财产保险股份有限公司安徽分公司,大型民企,高,中国平安是大型民营金融保险集团，其分公司属于大型民企分支机构。,财产保险,未知,未知,未知,未知,未知,未知,中国,2024,1,签就业协议形式就业
中国核工业第二二建设有限公司,国企,高,隶属于中国核工业集团，属于中央国有企业。,核工业工程建设,未知,未知,未知,未知,未知,不适用,不适用,2023,1,签劳动合同形式就业
中国移动通信集团安徽有限公司铜陵分公司,国企,高,中国移动是中央国有企业，其分公司属于国企分支机构。,电信运营,未知,未知,未知,未知,未知,不适用,不适用,2023,1,签就业协议形式就业
中国能源建设集团安徽电力建设第二工程有限公司,国企,高,隶属于中国能源建设集团，属于中央国有企业。,电力工程建设,未知,未知,未知,未知,未知,不适用,不适用,"2023,2024",26,签就业协议形式就业
中国邮政储蓄银行股份有限公司滁州市分行,国企,高,中国邮政储蓄银行是国有大型商业银行，其分行属于国有企业。,金融业,未知,未知,未知,未知,未知,不适用,不适用,2023,1,签劳动合同形式就业
中国邮政集团有限公司邯郸市分公司,国企,高,中国邮政集团有限公司是国有独资公司，其分公司属于国有企业。,邮政业,未知,未知,未知,未知,未知,不适用,不适用,2024,1,签就业协议形式就业
中国铁路上海局集团有限公司,国企,高,中国铁路上海局集团有限公司是中国国家铁路集团有限公司管理的国有企业。,铁路运输业,未知,未知,未知,未知,未知,不适用,不适用,"2023,2024",5,签劳动合同形式就业 / 签就业协议形式就业
中国铁路上海局集团有限公司上海电务段,国企,高,上海电务段是中国铁路上海局集团有限公司的下属单位，属于国有企业。,铁路运输业,未知,未知,未知,未知,未知,不适用,不适用,2023,1,签就业协议形式就业
中国银行股份有限公司铜陵分行,国企,高,中国银行是国有控股大型商业银行，其分行属于国有企业。,金融业,未知,未知,未知,未知,未知,不适用,不适用,2024,1,签就业协议形式就业
中安联合煤化有限责任公司,国企,高,中安联合煤化有限责任公司是由中国石化和安徽省皖北煤电集团等国有企业合资成立，属于国有企业。,煤化工,未知,未知,未知,未知,未知,不适用,不适用,2024,1,签就业协议形式就业
中山市东升求实学校,中小民企,中,中山市东升求实学校是一所民办学校，通常由民间资本举办，属于中小民企。,教育,未知,未知,未知,未知,未知,未知,未知,2024,1,签就业协议形式就业
中煤西北能源化工集团有限公司,国企,高,中煤西北能源化工集团有限公司是中国中煤能源集团有限公司的全资子公司，属于国有企业。,能源化工,未知,未知,未知,未知,未知,不适用,不适用,2023,1,签劳动合同形式就业
中盐安徽红四方股份有限公司,国企,高,控股股东为中国盐业集团有限公司，属于中央国有企业。,化工（化肥、氯碱化工）,未知,未知,未知,未知,未知,不适用,不适用,2023,1,签劳动合同形式就业
中科圣杰（广东）环境科技有限公司,中小民企,中,名称含'中科'但无明确国资背景，推测为民营中小企业。,环境科技,未知,未知,未知,未知,未知,未知,未知,2023,1,签劳动合同形式就业
中科软科技股份有限公司,大型民企,高,A股上市公司（603927），无实际控制人，属于大型民营软件企业。,软件和信息技术服务业,未知,未知,未知,未知,未知,无实际控制人,不适用,2024,1,签劳动合同形式就业
中能建建筑集团有限公司,国企,高,中国能源建设集团有限公司下属企业，属于中央国有企业。,建筑业,未知,未知,未知,未知,未知,不适用,不适用,2023,1,签就业协议形式就业
中认尚动（上海）检测技术有限公司,国企,中,名称含'中认'，可能为中国质量认证中心下属企业，推测为国有企业。,检测技术服务,未知,未知,未知,未知,未知,不适用,不适用,2023,1,签劳动合同形式就业
中铁二十四局集团上海电务电化有限公司,国企,高,中国铁建股份有限公司下属企业，属于中央国有企业。,建筑业（铁路电务电化工程）,未知,未知,未知,未知,未知,不适用,不适用,2023,3,签就业协议形式就业
中铁二十四局集团有限公司,国企,高,中国铁建股份有限公司全资子公司，属于中央国有企业。,建筑业,未知,未知,未知,未知,未知,不适用,不适用,2023,2,签就业协议形式就业
中铁四局集团电气化工程有限公司,国企,高,中国中铁股份有限公司下属企业，属于中央国有企业。,建筑业（电气化工程）,未知,未知,未知,未知,未知,不适用,不适用,2023,1,签就业协议形式就业
中铁武汉电气化局集团上海工程建设有限公司,国企,高,该公司是中铁武汉电气化局集团有限公司的全资子公司，而中铁武汉电气化局集团有限公司是中国中铁股份有限公司的全资子公司，属于中央国有企业。,建筑与工程,未知,未知,未知,未知,未知,不适用,不适用,2024,1,签就业协议形式就业
中铁电气化铁路运营管理有限公司,国企,高,该公司是中国中铁股份有限公司的全资子公司，属于中央国有企业。,铁路运输与维护,未知,未知,未知,未知,未知,不适用,不适用,"2023,2024",5,签劳动合同形式就业 / 签就业协议形式就业
义乌市六阖贸易有限公司,中小民企,中,根据公开信息，该公司为自然人投资或控股的有限责任公司，规模较小，属于中小型民营企业。,批发和零售业,未知,未知,未知,未知,未知,未知,未知,2023,2,签劳动合同形式就业
乐风（山东）电力科技有限公司,中小民企,中,根据公开信息，该公司为自然人投资或控股的有限责任公司，规模较小，属于中小型民营企业。,电力科技,未知,未知,未知,未知,未知,未知,未知,2023,1,签劳动合同形式就业
五河县万源建筑装饰工程有限公司,中小民企,中,根据公开信息，该公司为自然人投资或控股的有限责任公司，规模较小，属于中小型民营企业。,建筑装饰,未知,未知,未知,未知,未知,未知,未知,2023,1,签就业协议形式就业
亚新科噪声与振动技术（安徽）有限公司,外企,高,该公司是亚新科工业技术有限公司的全资子公司，而亚新科工业技术有限公司是一家外商投资企业。,汽车零部件制造,未知,未知,未知,未知,未知,未知,未知,2024,2,签劳动合同形式就业
亳州市君加建材有限公司,中小民企,中,根据公开信息，该公司为自然人投资或控股的有限责任公司，规模较小，属于中小型民营企业。,建材批发,未知,未知,未知,未知,未知,未知,未知,2024,3,签就业协议形式就业
人本股份有限公司,大型民企,高,人本股份有限公司是中国最大的轴承生产企业之一，为自然人投资或控股的股份有限公司，属于大型民营企业。,轴承制造,未知,未知,未知,未知,未知,张童生,中国,2023,1,签就业协议形式就业
体检和政审通过,部队/应征,高,毕业去向或单位名称指向部队/应征,不适用,不适用,不适用,不适用,不适用,不适用,不适用,不适用,2024,1,应征义务兵
依必安派特电机（上海）有限公司,外企,高,德国ebm-papst集团在华全资子公司，属于外商投资企业。,电机制造,未知,未知,未知,未知,未知,未知,德国,2023,1,签就业协议形式就业
信义光伏产业（安徽）控股有限公司,外企,高,信义光能为香港联交所上市公司，属于港资背景的外商投资企业。,光伏玻璃制造,未知,未知,未知,未知,未知,李贤义,中国香港,2024,2,签就业协议形式就业
信义节能玻璃（芜湖）有限公司,外企,高,信义玻璃为香港联交所上市公司，属于港资背景的外商投资企业。,玻璃制造,未知,未知,未知,未知,未知,李贤义,中国香港,2024,1,签就业协议形式就业
倍加洁集团股份有限公司,大型民企,高,A股上市公司（股票代码：603059），属于大型民营企业。,口腔护理用品制造,未知,未知,未知,未知,未知,张文生,中国,2023,1,签劳动合同形式就业
儒拉玛特自动化技术（合肥）有限公司,外企,高,德国儒拉玛特集团在华子公司，属于外商投资企业。,自动化设备制造,未知,未知,未知,未知,未知,未知,德国,2024,1,签劳动合同形式就业
光驰科技（上海）有限公司,外企,高,日本光驰株式会社在华子公司，属于外商投资企业。,光学镀膜设备制造,未知,未知,未知,未知,未知,未知,日本,2024,1,签就业协议形式就业
入伍,部队/应征,高,毕业去向或单位名称指向部队/应征,不适用,不适用,不适用,不适用,不适用,不适用,不适用,不适用,2023,2,应征义务兵
六安市美一瓦新能源科技有限公司,中小民企,中,注册于六安市的小微企业，名称含新能源科技，推测为中小民营企业。,新能源科技,未知,未知,未知,未知,未知,未知,未知,2024,1,签就业协议形式就业
六安市裕安区素语家具经营经营部,中小民企,中,个体工商户或小微企业，属于中小民营企业。,家具零售,未知,未知,未知,未知,未知,未知,未知,2023,3,签劳动合同形式就业 / 自主创业
兰州中亿达工程技术有限公司,中小民企,中,名称含'工程技术'且为有限责任公司，无国资背景，推测为中小型民营企业。,工程技术服务,未知,未知,未知,未知,未知,未知,未知,2024,1,签就业协议形式就业
兰州聚源信息科技有限公司,中小民企,中,名称含'信息科技'且为有限责任公司，无国资背景，推测为中小型民营企业。,信息技术服务,未知,未知,未知,未知,未知,未知,未知,2024,2,签就业协议形式就业
内蒙古农业大学,高校/升学,高,毕业去向或单位名称指向升学/高校,不适用,不适用,不适用,不适用,不适用,不适用,不适用,不适用,2024,1,境内升学
凤台县联信商贸有限公司,中小民企,中,县级商贸有限公司，无国资背景，推测为中小型民营企业。,商贸,未知,未知,未知,未知,未知,未知,未知,2024,2,签就业协议形式就业
凤阳县实验中学,机关事业单位/基层项目,高,毕业去向为基层项目,不适用,不适用,不适用,不适用,不适用,不适用,不适用,不适用,2024,1,国家基层项目
创维光电科技（深圳）有限公司,大型民企,高,创维集团旗下企业，创维集团为知名大型民营企业。,光电科技/电子制造,未知,未知,未知,未知,未知,未知,未知,2023,2,签就业协议形式就业
前锦网络信息技术（上海）有限公司苏州分公司,外企,中,前锦网络信息技术（上海）有限公司为外资企业（51job），其苏州分公司属外企分支机构。,人力资源服务/互联网,未知,未知,未知,未知,未知,未知,未知,2023,1,签劳动合同形式就业
北京中恒博瑞数字电力科技有限公司,中小民企,中,名称含'数字电力科技'且为有限责任公司，无国资背景，推测为中小型民营企业。,电力科技/信息技术,未知,未知,未知,未知,未知,未知,未知,2023,1,签劳动合同形式就业
北京云锦汇智信息技术有限公司,中小民企,中,名称含'信息技术'且为有限责任公司，无国资背景，推测为中小型民营企业。,信息技术服务,未知,未知,未知,未知,未知,未知,未知,2023,1,签劳动合同形式就业
北京金易居建筑装饰工程有限公司,中小民企,中,名称含'建筑装饰工程'且为有限责任公司，无国资背景，推测为中小型民营企业。,建筑装饰,未知,未知,未知,未知,未知,未知,未知,2023,1,签劳动合同形式就业
华东交通大学,高校/升学,高,毕业去向或单位名称指向升学/高校,不适用,不适用,不适用,不适用,不适用,不适用,不适用,不适用,2024,1,境内升学
华力高科（安徽）环保能源有限公司,中小民企,中,名称含'华力高科'，无国资或外资背景，推测为民营中小企业。,环保能源,未知,未知,未知,未知,未知,未知,未知,2023,1,签劳动合同形式就业
南京中安半导体设备有限责任公司,中小民企,中,名称含'中安半导体'，无国资或外资背景，推测为民营中小企业。,半导体设备,未知,未知,未知,未知,未知,未知,未知,2023,1,签劳动合同形式就业
南京乐金熊猫电器有限公司,外企,高,乐金（LG）为韩国知名跨国企业，该公司为LG在华合资/独资企业。,家用电器制造,未知,未知,未知,未知,未知,未知,韩国,2023,1,签就业协议形式就业
南京华锐兴数控技术有限责任公司,中小民企,中,名称含'华锐兴数控'，无国资或外资背景，推测为民营中小企业。,数控技术,未知,未知,未知,未知,未知,未知,未知,2024,1,签劳动合同形式就业
南京地铁运营有限责任公司,国企,高,南京地铁集团下属运营公司，属于地方国有企业。,城市轨道交通运营,未知,未知,未知,未知,未知,不适用,不适用,"2023,2024",2,签就业协议形式就业
南京威布三维科技有限公司,中小民企,中,名称含'威布三维科技'，无国资或外资背景，推测为民营中小企业。,三维科技,未知,未知,未知,未知,未知,未知,未知,2023,1,签劳动合同形式就业
南京工业大学,高校/升学,高,毕业去向或单位名称指向升学/高校,不适用,不适用,不适用,不适用,不适用,不适用,不适用,不适用,2023,1,境内升学
南京工程学院,高校/升学,高,毕业去向或单位名称指向升学/高校,不适用,不适用,不适用,不适用,不适用,不适用,不适用,不适用,2023,1,境内升学
南京文熙之星信息科技有限公司,中小民企,中,名称含'文熙之星信息科技'，无国资或外资背景，推测为民营中小企业。,信息科技,未知,未知,未知,未知,未知,未知,未知,2024,2,签就业协议形式就业
南京晟铭机械有限公司,中小民企,中,名称含'晟铭机械'，无国资或外资背景，推测为民营中小企业。,机械制造,未知,未知,未知,未知,未知,未知,未知,2023,1,签劳动合同形式就业
南京普计信息科技有限公司,中小民企,中,名称含'科技'且无国资背景，通常为中小型民营企业。,信息技术服务,未知,未知,未知,未知,未知,未知,未知,2023,1,签劳动合同形式就业
南京清铭宇自控科技有限公司,中小民企,中,名称含'自控科技'且无国资背景，通常为中小型民营企业。,工业自动控制系统装置制造,未知,未知,未知,未知,未知,未知,未知,2024,1,签劳动合同形式就业
南京瑞爱捷制冷设备有限公司,中小民企,中,名称含'制冷设备'且无国资背景，通常为中小型民营企业。,制冷设备制造,未知,未知,未知,未知,未知,未知,未知,2024,1,签就业协议形式就业
南京翰海教育咨询有限公司,中小民企,中,名称含'教育咨询'且无国资背景，通常为中小型民营企业。,教育咨询,未知,未知,未知,未知,未知,未知,未知,2024,2,签就业协议形式就业
南京邮电大学,高校/升学,高,毕业去向或单位名称指向升学/高校,不适用,不适用,不适用,不适用,不适用,不适用,不适用,不适用,2023,1,境内升学
南京鼎臻自动化科技有限公司,中小民企,中,名称含'自动化科技'且无国资背景，通常为中小型民营企业。,工业自动化,未知,未知,未知,未知,未知,未知,未知,2023,1,签劳动合同形式就业
南通大学,高校/升学,高,毕业去向或单位名称指向升学/高校,不适用,不适用,不适用,不适用,不适用,不适用,不适用,不适用,2024,1,境内升学
南通常测机电设备有限公司,中小民企,中,名称含'机电设备'且无国资背景，通常为中小型民营企业。,机电设备制造,未知,未知,未知,未知,未知,未知,未知,2023,1,签劳动合同形式就业
博众精工科技股份有限公司,大型民企,高,上市公司（股票代码688097），实控人为自然人，属于大型民营企业。,智能制造装备,约80亿元,约40亿元,约3亿元,未知,2023,吕绍林,中国,2024,1,签就业协议形式就业
博利德自动化系统（上海）有限公司,外企,中,名称含'（上海）'且为自动化系统，可能为外资企业。,工业自动化,未知,未知,未知,未知,未知,未知,未知,2024,1,签就业协议形式就业
博瑞特热能设备股份有限公司,中小民企,中,股份有限公司，非上市，规模较小，无国资背景，属民营中小企业。,热能设备制造,未知,未知,未知,未知,未知,未知,未知,2024,1,签就业协议形式就业
博讯光电科技（合肥）有限公司,中小民企,中,有限责任公司，非上市，规模较小，无国资背景，属民营中小企业。,光电科技,未知,未知,未知,未知,未知,未知,未知,2023,1,签就业协议形式就业
台州如水环保科技有限公司,中小民企,中,有限责任公司，非上市，规模较小，无国资背景，属民营中小企业。,环保科技,未知,未知,未知,未知,未知,未知,未知,2024,1,签就业协议形式就业
台州畅行轨道交通运营管理有限公司,国企,中,轨道交通运营管理公司，通常由地方政府或国企控股，属国有企业。,轨道交通运营,未知,未知,未知,未知,未知,不适用,不适用,2023,1,签劳动合同形式就业
台州菲尼科斯电气科技有限公司,中小民企,中,有限责任公司，非上市，规模较小，无国资背景，属民营中小企业。,电气科技,未知,未知,未知,未知,未知,未知,未知,2024,1,签就业协议形式就业
合肥中科信息工程技工学校,其他/无法判断,中,技工学校，可能为民办或公办，但非高校/升学，无法明确归类。,不适用,不适用,不适用,不适用,不适用,不适用,不适用,不适用,2024,1,签就业协议形式就业
合肥九章云科技有限公司,中小民企,中,有限责任公司，非上市，规模较小，无国资背景，属民营中小企业。,云计算/科技,未知,未知,未知,未知,未知,未知,未知,2024,1,签就业协议形式就业
合肥京东方显示技术有限公司,大型民企,高,京东方科技集团（BOE）子公司，京东方为大型民营上市企业。,显示技术,未知,未知,未知,未知,未知,未知,未知,2023,1,签就业协议形式就业
合肥同智机电控制技术股份有限公司,大型民企,中,该公司为民营军工电子企业，曾为上市公司，后由国资背景企业控股，但根据常见公开信息，其企业所有制仍属民营。,军工电子,未知,未知,未知,未知,未知,未知,未知,2023,1,签劳动合同形式就业
合肥国轩电池有限公司,大型民企,高,国轩高科旗下子公司，国轩高科为知名大型民营企业。,动力电池,未知,未知,未知,未知,未知,李缜,中国,2023,1,签就业协议形式就业
合肥孜伯信息咨询服务有限公司,中小民企,高,名称含“信息咨询服务”，通常为民营中小微企业。,信息咨询服务,未知,未知,未知,未知,未知,未知,未知,2024,1,签就业协议形式就业
合肥宸燕机电科技有限公司,中小民企,高,名称含“机电科技”，通常为民营中小微企业。,机电科技,未知,未知,未知,未知,未知,未知,未知,"2023,2024",8,签劳动合同形式就业 / 签就业协议形式就业
合肥市兴胜物流有限公司,中小民企,高,名称含“物流”，通常为民营中小微企业。,物流,未知,未知,未知,未知,未知,未知,未知,2023,1,签劳动合同形式就业
合肥市包河区转一号角摩托车经营部,中小民企,高,个体工商户或小微企业，属于民营经济。,摩托车零售,未知,未知,未知,未知,未知,未知,未知,2023,1,签劳动合同形式就业
合肥市轨道交通集团有限公司,国企,高,合肥市属国有独资企业，负责轨道交通建设运营。,轨道交通,未知,未知,未知,未知,未知,不适用,不适用,2023,3,签就业协议形式就业
合肥市靖鑫光伏科技工程有限公司,中小民企,高,名称含“光伏科技工程”，通常为民营中小微企业。,光伏工程,未知,未知,未知,未知,未知,未知,未知,2023,1,签劳动合同形式就业
合肥常青机械股份有限公司,大型民企,高,A股上市公司（常青股份），实控人为自然人，属于大型民营企业。,汽车零部件制造,未知,未知,未知,未知,未知,吴应宏,中国,2024,1,签劳动合同形式就业
合肥明信软件技术有限公司,中小民企,高,自然人控股的软件技术公司，规模较小，属于中小民营企业。,软件和信息技术服务,未知,未知,未知,未知,未知,未知,未知,2024,1,签劳动合同形式就业
合肥晶合集成电路股份有限公司,大型民企,高,科创板上市公司（晶合集成），股权分散，无实际控制人，属于大型民营企业。,集成电路制造,未知,未知,未知,未知,未知,无实际控制人,不适用,2023,4,签就业协议形式就业
合肥森鑫商务有限公司,中小民企,高,自然人控股的商务服务公司，规模较小，属于中小民营企业。,商务服务,未知,未知,未知,未知,未知,未知,未知,2023,2,签就业协议形式就业
合肥海天电子科技有限公司,中小民企,高,自然人控股的电子科技公司，规模较小，属于中小民营企业。,电子科技,未知,未知,未知,未知,未知,未知,未知,2023,1,签劳动合同形式就业
合肥瑞纳智能能源管理有限公司,大型民企,高,上市公司瑞纳智能（301129）的全资子公司，属于大型民营企业。,智慧供热与能源管理,未知,未知,未知,未知,未知,于大永,中国,2024,1,签劳动合同形式就业
合肥研力电子科技有限公司,中小民企,高,自然人控股的电子科技公司，规模较小，属于中小民营企业。,电子科技,未知,未知,未知,未知,未知,未知,未知,2024,1,签劳动合同形式就业
合肥福标汽车科技有限公司,中小民企,高,自然人控股的汽车科技公司，规模较小，属于中小民营企业。,汽车科技,未知,未知,未知,未知,未知,未知,未知,2023,1,签劳动合同形式就业
合肥美亚光电技术股份有限公司,大型民企,高,A股上市公司，主营光电检测设备，实控人为田明，属于大型民营企业。,光电检测设备制造,约50亿元,约40亿元,约7亿元,未知,2023,田明,中国,2024,1,签就业协议形式就业
合肥艾迪康医学检验实验室有限公司,大型民企,高,艾迪康医学检验中心旗下子公司，艾迪康为大型民营连锁医学检验机构。,医学检验服务,未知,未知,未知,未知,未知,未知,未知,2024,1,签劳动合同形式就业
合肥超旭机电设备有限公司,中小民企,高,小微企业，注册资本较小，无公开上市信息，属于中小民营企业。,机电设备销售,未知,未知,未知,未知,未知,未知,未知,2023,2,签劳动合同形式就业
合肥通富微电子有限公司,大型民企,高,通富微电（002156）子公司，通富微电为大型民营集成电路封装测试企业。,集成电路封装测试,未知,未知,未知,未知,未知,石明达,中国,2023,1,签劳动合同形式就业
合肥鑫晟光电科技有限公司,大型民企,高,京东方（BOE）旗下子公司，京东方为大型民营显示面板企业。,显示面板制造,未知,未知,未知,未知,未知,王东升,中国,"2023,2024",2,签就业协议形式就业
合肥龙虓科技技术有限公司,中小民企,高,小微企业，无公开上市信息，属于中小民营企业。,科技服务,未知,未知,未知,未知,未知,未知,未知,2023,1,签劳动合同形式就业
吴江市中泰建筑工程有限公司,中小民企,高,地方性建筑企业，无公开上市信息，属于中小民营企业。,建筑工程,未知,未知,未知,未知,未知,未知,未知,2023,1,签就业协议形式就业
和县三国城教育咨询有限公司,中小民企,高,小微企业，从事教育咨询，无公开上市信息，属于中小民营企业。,教育咨询,未知,未知,未知,未知,未知,未知,未知,2023,1,签劳动合同形式就业
唐山曹妃甸金熊置业有限公司,中小民企,中,名称含置业，推测为民营房地产企业，规模较小。,房地产,未知,未知,未知,未知,未知,未知,未知,2023,1,签就业协议形式就业
喀什宝润环保电力有限公司,中小民企,中,名称含环保电力，推测为民营环保能源企业，规模较小。,环保电力,未知,未知,未知,未知,未知,未知,未知,2023,1,签劳动合同形式就业
善诚科技发展（合肥）有限公司,中小民企,中,名称含科技发展，推测为民营科技企业，规模较小。,科技服务,未知,未知,未知,未知,未知,未知,未知,2023,1,签就业协议形式就业
四川师范大学,高校/升学,高,毕业去向或单位名称指向升学/高校,不适用,不适用,不适用,不适用,不适用,不适用,不适用,不适用,2024,1,境内升学
国家税务总局湖北省税务局,机关事业单位/基层项目,高,毕业去向为基层项目,不适用,不适用,不适用,不适用,不适用,不适用,不适用,不适用,2024,1,地方基层项目
国汽朴津智能科技（安庆）有限公司,中小民企,中,名称含智能科技，推测为民营智能科技企业，规模较小。,智能科技,未知,未知,未知,未知,未知,未知,未知,2024,1,签就业协议形式就业
国网安徽省电力有限公司凤台县供电公司,国企,高,国网安徽省电力有限公司下属县级供电公司，属于国有企业。,电力供应,未知,未知,未知,未知,未知,不适用,不适用,2024,1,签就业协议形式就业
国网安徽省电力有限公司利辛县供电公司,国企,高,国网安徽省电力有限公司下属县级供电公司，属于国有企业。,电力供应,未知,未知,未知,未知,未知,不适用,不适用,"2023,2024",2,签就业协议形式就业
国网安徽省电力有限公司固镇县供电公司,国企,高,国网安徽省电力有限公司下属县级供电公司，属于国有企业。,电力供应,未知,未知,未知,未知,未知,不适用,不适用,2024,1,签就业协议形式就业
国网安徽省电力有限公司宿松县供电公司,国企,高,国网安徽省电力有限公司下属县级供电公司，属于国有企业。,电力供应,未知,未知,未知,未知,未知,不适用,不适用,2023,1,签就业协议形式就业
国网安徽省电力有限公司寿县供电公司,国企,高,国家电网有限公司下属企业，属于国有企业。,电力供应,未知,未知,未知,未知,未知,不适用,不适用,2023,1,签就业协议形式就业
国网安徽省电力有限公司岳西县供电公司,国企,高,国家电网有限公司下属企业，属于国有企业。,电力供应,未知,未知,未知,未知,未知,不适用,不适用,2023,1,签就业协议形式就业
国网安徽省电力有限公司灵璧县供电公司,国企,高,国家电网有限公司下属企业，属于国有企业。,电力供应,未知,未知,未知,未知,未知,不适用,不适用,2023,1,签就业协议形式就业
国网安徽省电力有限公司霍邱县供电公司,国企,高,国家电网有限公司下属企业，属于国有企业。,电力供应,未知,未知,未知,未知,未知,不适用,不适用,2023,1,签就业协议形式就业
国网安徽省电力有限公司黄山市黄山区供电公司,国企,高,国家电网有限公司下属企业，属于国有企业。,电力供应,未知,未知,未知,未知,未知,不适用,不适用,2023,1,签就业协议形式就业
国网河南省电力公司西峡县供电公司,国企,高,国家电网有限公司下属企业，属于国有企业。,电力供应,未知,未知,未知,未知,未知,不适用,不适用,2024,1,签就业协议形式就业
国网浙江省电力有限公司丽水供电公司,国企,高,国家电网有限公司下属企业，属于国有企业。,电力供应,未知,未知,未知,未知,未知,不适用,不适用,2023,1,签就业协议形式就业
国能神皖池州发电有限责任公司,国企,高,国家能源投资集团有限责任公司下属企业，属于国有企业。,火力发电,未知,未知,未知,未知,未知,不适用,不适用,2023,1,签劳动合同形式就业
国能蚌埠发电有限公司,国企,高,国家能源投资集团旗下企业，属于中央国有企业。,电力/热力生产和供应业,未知,未知,未知,未知,未知,不适用,不适用,2024,1,签就业协议形式就业
外企德科人力资源服务安徽有限公司,外企,高,由外企德科（FESCO Adecco）与安徽方面合资，外企德科为中外合资人力资源服务企业。,人力资源服务,未知,未知,未知,未知,未知,未知,未知,2024,1,签劳动合同形式就业
大秦铁路股份有限公司,国企,高,中国国家铁路集团有限公司控股的上市公司，属于中央国有企业。,铁路运输业,约2070亿元,约1470亿元,约119亿元,未知,2023,不适用,不适用,2024,1,签就业协议形式就业
天津莫希旅游咨询服务有限公司,中小民企,中,名称显示为旅游咨询服务公司，无公开信息表明为国企或外企，推测为中小型民营企业。,旅游咨询服务,未知,未知,未知,未知,未知,未知,未知,2024,1,签就业协议形式就业
天能新能源（湖州）有限公司,大型民企,高,天能控股集团旗下企业，天能集团为中国大型民营企业。,新能源电池制造,未知,未知,未知,未知,未知,张天任,中国,2023,1,签就业协议形式就业
天长市双丰文化用品有限公司,中小民企,中,名称显示为文化用品制造企业，位于天长市，无公开信息表明为国企或外企，推测为中小型民营企业。,文教、工美、体育和娱乐用品制造业,未知,未知,未知,未知,未知,未知,未知,2024,1,签劳动合同形式就业
天长市星瑞实验仪器有限公司,中小民企,中,名称显示为实验仪器制造企业，位于天长市，无公开信息表明为国企或外企，推测为中小型民营企业。,仪器仪表制造业,未知,未知,未知,未知,未知,未知,未知,2023,1,签劳动合同形式就业
天长泛美航空中等职业技术学校有限公司,中小民企,中,名称显示为营利性民办中等职业技术学校，由企业举办，推测为中小型民营企业。,教育,未知,未知,未知,未知,未知,未知,未知,2023,2,签劳动合同形式就业
奇瑞汽车股份有限公司,大型民企,高,奇瑞汽车是中国大型汽车制造企业，虽曾为地方国企，但经过混改后由青岛五道口等民营资本控股，现为大型民营企业。,汽车制造业,未知,未知,未知,未知,未知,未知,未知,2024,2,签就业协议形式就业
奥克斯集团有限公司,大型民企,高,奥克斯集团是宁波大型民营企业，以家电、电力设备等为主业，由郑建江家族控制。,家电制造、电力设备,未知,未知,未知,未知,未知,郑建江,中国,2023,1,签就业协议形式就业
宁波市豪欣晴建筑劳务分包有限公司,中小民企,高,该公司为建筑劳务分包企业，规模较小，属于中小民营企业。,建筑劳务分包,未知,未知,未知,未知,未知,未知,未知,2024,1,签就业协议形式就业
宁波德业科技股份有限公司,大型民企,高,德业科技是A股上市公司，主营逆变器、热交换器等，为大型民营企业。,电气机械和器材制造业,未知,未知,未知,未知,未知,张和君,中国,2023,2,签就业协议形式就业
宁波普瑞均胜汽车电子有限公司,外企,高,该公司由德国普瑞（Preh GmbH）控股，普瑞是均胜电子旗下但总部在德国的企业，属于外商投资企业。,汽车电子,未知,未知,未知,未知,未知,未知,未知,2023,1,签就业协议形式就业
安庆会通新材料有限公司,大型民企,高,该公司是上市公司会通股份（688219）的全资子公司，会通股份为大型民营企业。,新材料,未知,未知,未知,未知,未知,未知,未知,2024,1,签就业协议形式就业
安庆师范大学,高校/升学,高,毕业去向或单位名称指向升学/高校,不适用,不适用,不适用,不适用,不适用,不适用,不适用,不适用,2024,1,境内升学
安庆联动属具股份有限公司,大型民企,中,该公司为叉车属具制造商，曾在新三板挂牌，属于民营股份制企业，规模较大。,机械制造,未知,未知,未知,未知,未知,未知,未知,2023,1,签就业协议形式就业
安徽一维空间智能科技有限公司,中小民企,高,该公司为智能科技领域的小微企业，属于中小民营企业。,智能科技,未知,未知,未知,未知,未知,未知,未知,2023,1,签劳动合同形式就业
安徽万朗磁塑股份有限公司,大型民企,高,该公司为A股上市公司，主营冰箱门封条等塑料制品，属于大型民营企业。,塑料制品业,未知,未知,未知,未知,未知,时乾中,中国,2023,1,签劳动合同形式就业
安徽东耘智能设备制造有限责任公司,中小民企,中,从名称判断为智能设备制造领域的有限责任公司，规模可能为中小型民营企业。,智能设备制造,未知,未知,未知,未知,未知,未知,未知,2024,1,签就业协议形式就业
安徽中源共创电力工程有限公司,中小民企,中,从名称判断为电力工程领域的有限责任公司，规模可能为中小型民营企业。,电力工程,未知,未知,未知,未知,未知,未知,未知,2024,1,签就业协议形式就业
安徽中鼎精工技术有限公司,大型民企,高,该公司是安徽中鼎控股（集团）股份有限公司旗下企业，中鼎集团为大型民营企业。,汽车零部件制造,未知,未知,未知,未知,未知,夏鼎湖,中国,2023,1,签劳动合同形式就业
安徽九州天极之光股份有限公司,中小民企,中,从名称判断为股份有限公司，可能为中小型民营企业，具体信息未知。,未知,未知,未知,未知,未知,未知,未知,未知,2023,1,签就业协议形式就业
安徽亿农农业科技开发有限公司,中小民企,中,从名称判断为农业科技开发领域的有限责任公司，规模可能为中小型民营企业。,农业科技,未知,未知,未知,未知,未知,未知,未知,2023,1,签劳动合同形式就业
安徽众鑫科技股份有限公司,中小民企,中,从名称判断为科技领域的股份有限公司，可能为中小型民营企业，具体信息未知。,科技,未知,未知,未知,未知,未知,未知,未知,2023,1,签劳动合同形式就业
安徽优奇人力资源管理有限公司,中小民企,中,从名称判断为人力资源管理服务领域的有限责任公司，规模可能为中小型民营企业。,人力资源服务,未知,未知,未知,未知,未知,未知,未知,2024,1,签就业协议形式就业
安徽佳苑文化发展有限公司,中小民企,中,名称含'文化发展'，无国资背景，推测为中小型民营企业。,文化,未知,未知,未知,未知,未知,未知,未知,2024,2,签就业协议形式就业
安徽依泉建设工程有限公司,中小民企,中,名称含'建设工程'，无国资背景，推测为中小型民营企业。,建筑,未知,未知,未知,未知,未知,未知,未知,2024,4,签就业协议形式就业
安徽创立煤矿机械有限公司,中小民企,中,名称含'煤矿机械'，无国资背景，推测为中小型民营企业。,机械制造,未知,未知,未知,未知,未知,未知,未知,2023,3,签就业协议形式就业
安徽加推信息科技有限公司,中小民企,中,名称含'信息科技'，无国资背景，推测为中小型民营企业。,信息技术,未知,未知,未知,未知,未知,未知,未知,2023,3,签就业协议形式就业
安徽千谷文化科技有限公司,中小民企,中,名称含'文化科技'，无国资背景，推测为中小型民营企业。,文化科技,未知,未知,未知,未知,未知,未知,未知,"2023,2024",4,签就业协议形式就业
安徽华塑股份有限公司,国企,高,淮北矿业集团控股的上市公司，属于地方国有企业。,化工,约80亿元,约30亿元,约2亿元,未知,2023,不适用,不适用,2024,2,签就业协议形式就业
安徽华明航空电子系统有限公司,国企,中,名称含'航空电子'，可能为国有控股企业，但具体股权结构未知。,航空电子,未知,未知,未知,未知,未知,不适用,不适用,2024,1,签就业协议形式就业
安徽华电宿州发电有限公司,国企,高,华电集团旗下企业，属于中央国有企业。,电力,未知,未知,未知,未知,未知,不适用,不适用,2024,1,签就业协议形式就业
安徽卡旺卡餐饮有限公司,中小民企,中,安徽本土连锁餐饮企业，非上市，规模未公开，按中小民企归类。,餐饮,未知,未知,未知,未知,未知,未知,未知,2024,1,签就业协议形式就业
安徽合力股份有限公司配件分公司,国企,高,安徽合力股份有限公司为安徽省属国企控股上市公司，配件分公司为其分支机构。,叉车及工业车辆配件,未知,未知,未知,未知,未知,不适用,不适用,2024,1,签就业协议形式就业
安徽唐兴装备科技股份有限公司,中小民企,中,非上市装备制造企业，规模未公开，按中小民企归类。,装备制造,未知,未知,未知,未知,未知,未知,未知,2023,2,签就业协议形式就业
安徽嘉华教育科技有限公司,中小民企,中,名称含教育科技，通常为民营教育服务企业，规模未公开。,教育科技,未知,未知,未知,未知,未知,未知,未知,2024,3,签就业协议形式就业
安徽嘉葆电气有限公司,中小民企,中,电气设备类有限公司，非上市，规模未公开，按中小民企归类。,电气设备,未知,未知,未知,未知,未知,未知,未知,2024,1,签劳动合同形式就业
安徽国科环保设备制造有限公司,中小民企,中,环保设备制造类有限公司，非上市，规模未公开，按中小民企归类。,环保设备制造,未知,未知,未知,未知,未知,未知,未知,2023,1,签劳动合同形式就业
安徽声谷智能科技有限公司,中小民企,中,智能科技类有限公司，非上市，规模未公开，按中小民企归类。,智能科技,未知,未知,未知,未知,未知,未知,未知,"2023,2024",6,签劳动合同形式就业 / 签就业协议形式就业
安徽大学,高校/升学,高,毕业去向或单位名称指向升学/高校,不适用,不适用,不适用,不适用,不适用,不适用,不适用,不适用,2024,1,境内升学
安徽天康（集团）股份有限公司,大型民企,中,安徽天康集团为知名民营仪器仪表/电缆企业集团，规模较大，按大型民企归类。,仪器仪表、电缆,未知,未知,未知,未知,未知,未知,未知,2023,1,签劳动合同形式就业
安徽宇宙建筑工程有限公司,中小民企,中,名称含'建筑工程'且无国企/外企特征，通常为中小型民营建筑企业。,建筑装饰、装修和其他建筑业,未知,未知,未知,未知,未知,未知,未知,2023,1,签就业协议形式就业
安徽宸燕信息技术有限公司,中小民企,中,名称含'信息技术'且无国企/外企特征，通常为中小型民营科技企业。,软件和信息技术服务业,未知,未知,未知,未知,未知,未知,未知,2023,2,签劳动合同形式就业 / 签就业协议形式就业
安徽山河药用辅料股份有限公司,大型民企,中,名称含'股份有限公司'且为药用辅料行业知名企业，通常为大型民营上市公司。,医药制造业（药用辅料）,未知,未知,未知,未知,未知,未知,未知,2023,1,签就业协议形式就业
安徽工业大学,高校/升学,高,毕业去向或单位名称指向升学/高校,不适用,不适用,不适用,不适用,不适用,不适用,不适用,不适用,2023,5,境内升学
安徽工程大学,高校/升学,高,毕业去向或单位名称指向升学/高校,不适用,不适用,不适用,不适用,不适用,不适用,不适用,不适用,2024,3,境内升学
安徽工驰股份有限公司,大型民企,中,名称含'股份有限公司'且无国企/外企特征，通常为大型民营股份制企业。,未知,未知,未知,未知,未知,未知,未知,未知,2023,1,签劳动合同形式就业
安徽帕维尔智能技术有限公司,中小民企,中,名称含'智能技术'且无国企/外企特征，通常为中小型民营科技企业。,研究和试验发展/智能技术,未知,未知,未知,未知,未知,未知,未知,2023,1,签劳动合同形式就业
安徽康喆建筑工程有限公司,中小民企,中,名称含'建筑工程'且无国企/外企特征，通常为中小型民营建筑企业。,建筑装饰、装修和其他建筑业,未知,未知,未知,未知,未知,未知,未知,2024,4,签就业协议形式就业
安徽徽皖互联网科技有限公司,中小民企,中,名称含'互联网科技'且无国企/外企特征，通常为中小型民营互联网企业。,互联网和相关服务,未知,未知,未知,未知,未知,未知,未知,2023,1,签劳动合同形式就业
安徽思域智能科技有限公司,中小民企,中,名称含'智能科技'且无国企/外企特征，通常为中小型民营科技企业。,研究和试验发展/智能科技,未知,未知,未知,未知,未知,未知,未知,2024,1,签就业协议形式就业
安徽慧盈智能装备股份有限公司,中小民企,中,公司名称含'智能装备'且为股份有限公司，无国资背景信息，推测为中小型民营企业。,智能装备制造,未知,未知,未知,未知,未知,未知,未知,2023,1,签劳动合同形式就业
安徽拓扑思汽车零部件有限公司,中小民企,中,公司名称含'汽车零部件'且为有限公司，无国资背景信息，推测为中小型民营企业。,汽车零部件制造,未知,未知,未知,未知,未知,未知,未知,2024,1,签劳动合同形式就业
安徽明讯新材料科技股份有限公司,中小民企,中,公司名称含'新材料科技'且为股份有限公司，无国资背景信息，推测为中小型民营企业。,新材料科技,未知,未知,未知,未知,未知,未知,未知,2023,1,签劳动合同形式就业
安徽昱升光电科技有限公司,中小民企,中,公司名称含'光电科技'且为有限公司，无国资背景信息，推测为中小型民营企业。,光电科技,未知,未知,未知,未知,未知,未知,未知,2023,1,签劳动合同形式就业
安徽智捷电子科技有限公司,中小民企,中,公司名称含'电子科技'且为有限公司，无国资背景信息，推测为中小型民营企业。,电子科技,未知,未知,未知,未知,未知,未知,未知,2024,1,签就业协议形式就业
安徽江淮智能科技有限公司,国企,中,名称含'江淮'，与安徽江淮汽车集团股份有限公司关联，后者为地方国有企业，推测为国企。,智能科技,未知,未知,未知,未知,未知,不适用,不适用,2024,1,签就业协议形式就业
安徽江淮汽车集团股份有限公司安庆分公司,国企,高,安徽江淮汽车集团股份有限公司为安徽省国资委控股的上市公司，分公司属国企。,汽车制造,约490亿元,约150亿元,约1.5亿元,未知,2023,不适用,不适用,2023,1,签就业协议形式就业
安徽润康橡塑科技股份有限公司,中小民企,中,公司名称含'橡塑科技'且为股份有限公司，无国资背景信息，推测为中小型民营企业。,橡塑科技,未知,未知,未知,未知,未知,未知,未知,2023,1,签劳动合同形式就业
安徽淮海实业发展集团有限公司,国企,高,该公司为安徽省淮北市属国有企业，由淮北市国资委监管。,商务服务业,未知,未知,未知,未知,未知,不适用,不适用,2023,1,签就业协议形式就业
安徽潘奇拉贸易有限公司,中小民企,中,名称含“贸易”，无国资背景信息，推测为中小型民营企业。,批发和零售业,未知,未知,未知,未知,未知,未知,未知,2023,2,签就业协议形式就业
安徽点宇新材料科技有限公司,中小民企,中,名称含“新材料科技”，无国资背景信息，推测为中小型民营企业。,新材料技术推广服务,未知,未知,未知,未知,未知,未知,未知,2023,2,签劳动合同形式就业 / 签就业协议形式就业
安徽现代信息工程职业学院,高校/升学,高,毕业去向或单位名称指向升学/高校,不适用,不适用,不适用,不适用,不适用,不适用,不适用,不适用,"2023,2024",2,签劳动合同形式就业 / 签就业协议形式就业
安徽理工大学,高校/升学,高,毕业去向或单位名称指向升学/高校,不适用,不适用,不适用,不适用,不适用,不适用,不适用,不适用,"2023,2024",10,境内升学
安徽瑞柏新材料有限公司,中小民企,中,名称含“新材料”，无国资背景信息，推测为中小型民营企业。,新材料技术推广服务,未知,未知,未知,未知,未知,未知,未知,2023,1,签劳动合同形式就业
安徽瑞致科技有限公司,中小民企,中,名称含“科技”，无国资背景信息，推测为中小型民营企业。,科技推广和应用服务业,未知,未知,未知,未知,未知,未知,未知,2024,3,签就业协议形式就业
安徽相达轻合金科技有限公司,中小民企,中,名称含“轻合金科技”，无国资背景信息，推测为中小型民营企业。,有色金属合金制造,未知,未知,未知,未知,未知,未知,未知,2024,1,签就业协议形式就业
安徽省君本教育科技有限公司,中小民企,中,名称含“教育科技”，无国资背景信息，推测为中小型民营企业。,教育辅助服务,未知,未知,未知,未知,未知,未知,未知,2024,1,签就业协议形式就业
安徽省民化工程设计有限公司,中小民企,中,名称含“工程设计”，无国资背景信息，推测为中小型民营企业。,专业技术服务业,未知,未知,未知,未知,未知,未知,未知,2023,1,签劳动合同形式就业
安徽省水利水电工程检测有限公司,国企,中,名称含'安徽省'且为水利水电工程检测企业，通常为国有独资或控股。,水利水电工程检测,未知,未知,未知,未知,未知,不适用,不适用,2023,1,签劳动合同形式就业
安徽省皖北煤电集团有限责任公司,国企,高,安徽省属国有大型煤炭企业集团，由安徽省国资委监管。,煤炭开采与电力,未知,未知,未知,未知,未知,不适用,不适用,2024,1,签就业协议形式就业
安徽省芜湖市繁昌区横山公共服务中心街道办事处,机关事业单位/基层项目,高,毕业去向为基层项目,不适用,不适用,不适用,不适用,不适用,不适用,不适用,不适用,2023,1,地方基层项目
安徽省鸿联九五信息产业有限公司,大型民企,中,鸿联九五为中信国安旗下企业，但该公司可能为民营控股，规模较大。,信息产业/呼叫中心,未知,未知,未知,未知,未知,未知,未知,2023,1,签劳动合同形式就业
安徽磐熠智能科技有限公司,中小民企,中,名称含'智能科技'，通常为民营中小型企业。,智能科技,未知,未知,未知,未知,未知,未知,未知,2024,3,签就业协议形式就业
安徽祥源科技股份有限公司,中小民企,中,股份有限公司，非上市，通常为民营中小型企业。,科技,未知,未知,未知,未知,未知,未知,未知,2023,1,签劳动合同形式就业
安徽红星机电科技股份有限公司,军工,中,名称含'红星机电'，可能涉及军工机电产品，但需进一步确认。,军工机电,未知,未知,未知,未知,未知,不适用,不适用,2023,1,签劳动合同形式就业
安徽绿沃循环能源科技有限公司,中小民企,中,名称含'循环能源科技'，通常为民营中小型企业。,循环能源科技,未知,未知,未知,未知,未知,未知,未知,2024,1,签就业协议形式就业
安徽美芝制冷设备有限公司,外企,高,美芝为美的与东芝合资企业，东芝为外资，通常归类为外企。,制冷设备制造,未知,未知,未知,未知,未知,未知,未知,2024,1,签就业协议形式就业
安徽美芝精密制造有限公司,大型民企,高,美的集团旗下企业，属于大型民营企业。,精密制造,未知,未知,未知,未知,未知,何享健,中国,2023,1,签就业协议形式就业
安徽薪火智能装备有限公司,中小民企,中,名称显示为智能装备领域的中小民营企业。,智能装备,未知,未知,未知,未知,未知,未知,未知,2023,2,签劳动合同形式就业 / 签就业协议形式就业
安徽西恩循环科技有限公司,中小民企,中,名称显示为循环科技领域的中小民营企业。,循环科技,未知,未知,未知,未知,未知,未知,未知,2023,1,签劳动合同形式就业
安徽达因汽车空调有限公司,中小民企,中,名称显示为汽车空调领域的中小民营企业。,汽车空调,未知,未知,未知,未知,未知,未知,未知,2023,1,签劳动合同形式就业
安徽达必立新能源科技有限公司,中小民企,中,名称显示为新能源科技领域的中小民营企业。,新能源科技,未知,未知,未知,未知,未知,未知,未知,2024,1,签就业协议形式就业
安徽迎驾贡酒股份有限公司,大型民企,高,上市公司，实际控制人为倪永培，属于大型民营企业。,白酒制造,约120亿元,约80亿元,约20亿元,未知,2023,倪永培,中国,2024,1,签就业协议形式就业
安徽迪鹏电气有限公司,中小民企,中,名称显示为电气领域的中小民营企业。,电气,未知,未知,未知,未知,未知,未知,未知,2024,2,签就业协议形式就业
安徽金浦新能源科技发展有限公司,中小民企,中,名称显示为新能源科技领域的中小民营企业。,新能源科技,未知,未知,未知,未知,未知,未知,未知,2023,1,签就业协议形式就业
安徽金禾实业股份有限公司,大型民企,高,上市公司，实控人为杨迎春家族，属于大型民营企业。,食品添加剂、化工,约100亿元,约70亿元,约10亿元,未知,2023,杨迎春,中国,"2023,2024",3,签就业协议形式就业
安徽金竹生物基新材料有限公司,中小民企,中,名称含'生物基新材料'，推测为中小型民营企业。,生物基材料,未知,未知,未知,未知,未知,未知,未知,2023,1,签就业协议形式就业
安徽金色梧桐建筑智能化工程有限公司,中小民企,中,名称含'建筑智能化工程'，推测为中小型民营企业。,建筑智能化工程,未知,未知,未知,未知,未知,未知,未知,2024,3,签就业协议形式就业
安徽金轩科技有限公司,中小民企,中,名称含'科技'，推测为中小型民营企业。,科技,未知,未知,未知,未知,未知,未知,未知,"2023,2024",11,签劳动合同形式就业 / 签就业协议形式就业
安徽雷鼎电子科技有限公司,中小民企,中,名称含'电子科技'，推测为中小型民营企业。,电子科技,未知,未知,未知,未知,未知,未知,未知,2024,1,签劳动合同形式就业
安徽马钢矿业资源集团有限公司,国企,高,马钢集团旗下矿业公司，属于国有企业。,矿业,未知,未知,未知,未知,未知,不适用,不适用,2023,1,签就业协议形式就业
安徽鸿路钢结构（集团）股份有限公司,大型民企,高,上市公司，实控人为商晓波，属于大型民营企业。,钢结构制造,约200亿元,约100亿元,约10亿元,未知,2023,商晓波,中国,2023,1,签劳动合同形式就业
宣城市上海南大蓝天电缆有限责任公司,中小民企,中,名称含'电缆'，推测为中小型民营企业。,电缆制造,未知,未知,未知,未知,未知,未知,未知,2023,1,签就业协议形式就业
宣城市工业学校,机关事业单位/基层项目,高,公办中等职业学校，属于事业单位。,不适用,不适用,不适用,不适用,不适用,不适用,不适用,不适用,2023,1,签劳动合同形式就业
宣城市私立文鼎中学,中小民企,中,名称含“私立”，推测为民办学校，通常登记为民办非企业单位或企业，按中小民企归类。,教育,未知,未知,未知,未知,未知,未知,未知,2024,1,签就业协议形式就业
宣城阳光电力维修工程有限责任公司郎溪阳光维修分公司,国企,中,名称含“阳光电力”，可能为电力系统集体企业或国企下属公司，按国企归类。,电力维修工程,未知,未知,未知,未知,未知,不适用,不适用,2024,1,签就业协议形式就业
宿州市埇桥区英华高级中学,中小民企,中,民办高级中学，推测为民办非企业单位或企业，按中小民企归类。,教育,未知,未知,未知,未知,未知,未知,未知,2024,1,签就业协议形式就业
宿州市正源木业有限公司,中小民企,高,名称含“木业有限公司”，推测为民营中小企业。,木材加工,未知,未知,未知,未知,未知,未知,未知,2023,1,签劳动合同形式就业
富维东阳汽车零部件（安徽）有限公司,国企,中,名称含“富维东阳”，富维股份为国企背景，推测为国企控股企业。,汽车零部件制造,未知,未知,未知,未知,未知,不适用,不适用,2024,2,签劳动合同形式就业
小碗传媒（深圳）有限公司,中小民企,高,名称含“传媒有限公司”，推测为民营中小企业。,传媒,未知,未知,未知,未知,未知,未知,未知,2023,2,签劳动合同形式就业
尚特杰电力科技有限公司,中小民企,高,名称含“电力科技有限公司”，推测为民营中小企业。,电力科技,未知,未知,未知,未知,未知,未知,未知,2023,1,签劳动合同形式就业
山东卓尔人力资源管理有限公司,中小民企,中,名称含'人力资源管理'，通常为民营人力资源服务公司，规模较小。,人力资源服务,未知,未知,未知,未知,未知,未知,未知,2023,1,签就业协议形式就业
山东西威讯智能科技有限公司,中小民企,中,名称含'智能科技'，通常为民营科技型中小企业。,智能科技,未知,未知,未知,未知,未知,未知,未知,"2023,2024",5,签就业协议形式就业
山西永安煤矿设计咨询有限公司,中小民企,中,名称含'煤矿设计咨询'，通常为民营设计咨询类中小企业。,煤矿设计咨询,未知,未知,未知,未知,未知,未知,未知,2024,2,签就业协议形式就业
山西煤炭运销集团忻州有限公司,国企,高,隶属于山西煤炭运销集团（现晋能控股集团），为省属国有企业。,煤炭运销,未知,未知,未知,未知,未知,不适用,不适用,2024,1,签劳动合同形式就业
山西省阳泉市五金矿产进出口有限公司,中小民企,中,名称含'进出口'，通常为地方民营外贸企业，规模较小。,五金矿产进出口,未知,未知,未知,未知,未知,未知,未知,2023,1,签劳动合同形式就业
常州博蕴车业有限公司,中小民企,中,名称含'车业'，通常为民营车辆制造或销售企业，规模较小。,车辆制造/销售,未知,未知,未知,未知,未知,未知,未知,2023,1,签就业协议形式就业
常州天奈材料科技有限公司,大型民企,高,为上市公司天奈科技（688116.SH）的关联公司，属于大型民营新材料企业。,新材料（碳纳米管）,未知,未知,未知,未知,未知,郑涛,中国,2024,1,签就业协议形式就业
常州恩都法新能源汽车科技有限公司,中小民企,中,名称含'新能源汽车科技'，通常为民营新能源汽车零部件或技术企业，规模较小。,新能源汽车科技,未知,未知,未知,未知,未知,未知,未知,2023,1,签就业协议形式就业
常州时创能源股份有限公司,大型民企,高,该公司为科创板上市公司，实际控制人为自然人，属于大型民营企业。,光伏设备及材料,未知,未知,未知,未知,未知,符黎明,中国,"2023,2024",21,签就业协议形式就业
常州海图信息科技股份有限公司,中小民企,中,公司名称含'信息科技'且为股份有限公司，未上市，推测为中小型民营企业。,信息技术服务,未知,未知,未知,未知,未知,未知,未知,2024,1,签就业协议形式就业
平安开诚智能安全装备有限责任公司,中小民企,中,公司名称含'智能安全装备'，有限责任公司，推测为中小型民营企业。,专用设备制造,未知,未知,未知,未知,未知,未知,未知,2023,1,签劳动合同形式就业
平湖普英特高层设备有限公司,中小民企,中,公司名称含'高层设备'，有限责任公司，推测为中小型民营企业。,专用设备制造,未知,未知,未知,未知,未知,未知,未知,2024,1,签就业协议形式就业
广州仕邦人力资源有限公司,中小民企,中,公司名称含'人力资源'，有限责任公司，推测为中小型民营企业。,人力资源服务,未知,未知,未知,未知,未知,未知,未知,2024,1,签劳动合同形式就业
广州创天电子机械有限公司,中小民企,中,公司名称含'电子机械'，有限责任公司，推测为中小型民营企业。,电子机械制造,未知,未知,未知,未知,未知,未知,未知,2023,1,签就业协议形式就业
广州市浩福房地产咨询有限公司,中小民企,中,公司名称含'房地产咨询'，有限责任公司，推测为中小型民营企业。,房地产咨询,未知,未知,未知,未知,未知,未知,未知,2024,1,签就业协议形式就业
广德绿松科技集团股份有限公司,中小民企,中,公司名称含'科技集团'且为股份有限公司，未上市，推测为中小型民营企业。,科技推广和应用服务,未知,未知,未知,未知,未知,未知,未知,2024,2,签就业协议形式就业
广德龙导影视传媒有限公司,中小民企,中,名称显示为影视传媒类有限责任公司，无国资或外资背景，规模较小，属中小民企。,影视传媒,未知,未知,未知,未知,未知,未知,未知,2024,1,签就业协议形式就业
广西骏安检测有限公司,中小民企,中,名称显示为检测类有限责任公司，无国资或外资背景，规模较小，属中小民企。,检测服务,未知,未知,未知,未知,未知,未知,未知,2023,1,签就业协议形式就业
庐江县公共资源交易管理中心,机关事业单位/基层项目,高,公共资源交易管理中心为地方政府所属事业单位或机关，属机关事业单位。,不适用,不适用,不适用,不适用,不适用,不适用,不适用,不适用,2023,1,签劳动合同形式就业
待分配,部队/应征,高,毕业去向或单位名称指向部队/应征,不适用,不适用,不适用,不适用,不适用,不适用,不适用,不适用,2023,1,应征义务兵
德邦物流股份有限公司,大型民企,高,德邦物流为知名上市物流企业，虽曾由京东系控股，但整体属大型民营控股企业。,物流运输,约170亿元,约80亿元,约7亿元,未知,2023,刘强东,中国,2023,1,签劳动合同形式就业
志邦家居股份有限公司,大型民企,高,志邦家居为A股上市定制家居企业，实际控制人为自然人，属大型民企。,家居制造,约60亿元,约35亿元,约6亿元,未知,2023,孙志勇,中国,2023,2,签就业协议形式就业
思看科技(杭州)股份有限公司,大型民企,中,思看科技为科创板上市三维视觉数字化企业，实际控制人为自然人，属大型民企。,三维视觉数字化,约10亿元,约8亿元,约1亿元,未知,2023,未知,中国,2024,1,签就业协议形式就业
成都以梦为马科技有限公司,中小民企,中,名称显示为科技类有限责任公司，无国资或外资背景，规模较小，属中小民企。,科技服务,未知,未知,未知,未知,未知,未知,未知,2024,1,签劳动合同形式就业
振石控股集团有限公司,大型民企,高,振石控股集团为大型民营控股集团，实际控制人为自然人，属大型民企。,多元化控股,未知,未知,未知,未知,未知,张毓强,中国,2024,1,签就业协议形式就业
新黎明科技股份有限公司,中小民企,中,公司名称含'科技股份'，但未上市，规模较小，疑似民营中小企业。,科技推广和应用服务业,未知,未知,未知,未知,未知,未知,未知,2023,13,签劳动合同形式就业 / 签就业协议形式就业
无锡国承自动化科技有限公司,中小民企,高,名称含'自动化科技'，为自然人控股的有限责任公司，规模较小。,工业自动化,未知,未知,未知,未知,未知,未知,未知,2024,2,签就业协议形式就业
无锡奥特维科技股份有限公司,大型民企,高,科创板上市公司（股票代码688516），实际控制人为自然人，属于大型民营上市企业。,光伏设备制造,约120亿元,约40亿元,约12亿元,未知,2023,葛志勇,中国,2023,1,签就业协议形式就业
无锡市中矿同创科技有限公司,中小民企,高,名称含'中矿同创科技'，为有限责任公司，疑似民营中小企业。,科技推广和应用服务业,未知,未知,未知,未知,未知,未知,未知,2023,1,签就业协议形式就业
日达智造科技（如皋）有限公司,大型民企,中,日达智造为立讯精密旗下企业，立讯精密为大型民企，故归类为大型民企。,智能制造,未知,未知,未知,未知,未知,王来春,中国,2024,1,签劳动合同形式就业
昆山世佳精密模具有限公司,中小民企,高,名称含'精密模具'，为有限责任公司，规模较小，疑似民营中小企业。,模具制造,未知,未知,未知,未知,未知,未知,未知,2023,1,签就业协议形式就业
昆山学而乐堂托管服务有限公司,中小民企,高,名称含'托管服务'，为有限责任公司，规模较小，疑似民营中小企业。,教育辅助服务,未知,未知,未知,未知,未知,未知,未知,2023,1,签劳动合同形式就业
昆山小魏人力资源有限公司,中小民企,高,名称含'人力资源'，为有限责任公司，规模较小，疑似民营中小企业。,人力资源服务,未知,未知,未知,未知,未知,未知,未知,2024,2,签就业协议形式就业
昆明海创环保科技有限责任公司,中小民企,中,名称含'海创环保'，疑似海螺创业旗下环保科技公司，但具体股权结构未知，按中小民企处理。,环保科技,未知,未知,未知,未知,未知,未知,未知,2023,1,签劳动合同形式就业
昌辉汽车电器（黄山）股份公司,中小民企,中,汽车电器零部件企业，非上市股份公司，规模未公开，按中小民企处理。,汽车零部件,未知,未知,未知,未知,未知,未知,未知,2023,3,签劳动合同形式就业
星恒电源股份有限公司,大型民企,中,知名动力锂电池企业，曾申报IPO，规模较大，按大型民企处理。,锂电池,未知,未知,未知,未知,未知,未知,未知,2024,1,签就业协议形式就业
普迈仕精密技术（安徽）有限公司,中小民企,中,精密技术领域有限公司，非上市，规模未知，按中小民企处理。,精密制造,未知,未知,未知,未知,未知,未知,未知,2023,2,签就业协议形式就业
杭州富晟建筑市政工程有限公司,中小民企,中,建筑市政工程类有限公司，非上市，规模未知，按中小民企处理。,建筑市政工程,未知,未知,未知,未知,未知,未知,未知,2024,1,签就业协议形式就业
杭州沃镭智能科技股份有限公司,中小民企,中,智能科技股份公司，非上市，规模未知，按中小民企处理。,智能科技,未知,未知,未知,未知,未知,未知,未知,2023,1,签就业协议形式就业
杭州海康威视电子有限公司,国企,高,海康威视全资子公司，实际控制人为中国电子科技集团（央企），属国企。,安防电子,未知,未知,未知,未知,未知,不适用,不适用,2023,1,签劳动合同形式就业
杭州特硕电气科技有限公司,中小民企,中,电气科技类有限公司，非上市，规模未知，按中小民企处理。,电气科技,未知,未知,未知,未知,未知,未知,未知,2023,1,签劳动合同形式就业
杭州立昂微电子股份有限公司,大型民企,高,A股上市公司，主营半导体硅片和功率器件，实控人为王敏文，属于大型民营企业。,半导体,约200亿元,约100亿元,约2亿元,未知,2023,王敏文,中国,2024,1,签劳动合同形式就业
杭州自如企业管理有限公司,大型民企,高,自如集团旗下长租公寓运营主体，实控人为左晖家族（贝壳找房关联），属于大型民营企业。,房地产租赁与资产管理,未知,未知,未知,未知,未知,左晖家族,中国,2023,1,签劳动合同形式就业
杭州锂动科技有限公司,中小民企,中,名称显示为科技类有限公司，无公开上市或大型集团背景，推测为中小民营企业。,锂电池相关技术,未知,未知,未知,未知,未知,未知,未知,2023,3,签劳动合同形式就业
林州雷啸月信息技术工作室,中小民企,中,个体工商户或个人独资工作室，属于中小民营企业。,信息技术服务,未知,未知,未知,未知,未知,未知,未知,2023,1,签劳动合同形式就业
桂林理工大学,高校/升学,高,毕业去向或单位名称指向升学/高校,不适用,不适用,不适用,不适用,不适用,不适用,不适用,不适用,2024,1,境内升学
梅山水电实业总公司,国企,高,名称含“总公司”且为水电实业，通常为地方国有企业或集体所有制企业，结合常见公开信息判断为国企。,水电,未知,未知,未知,未知,未知,不适用,不适用,2023,1,签劳动合同形式就业
歙县思静通讯店,中小民企,高,个体工商户或小型通讯零售店，属于中小民营企业。,通讯零售,未知,未知,未知,未知,未知,未知,未知,2023,1,签劳动合同形式就业
武汉凡达自动化系统有限公司,中小民企,中,名称显示为自动化系统有限公司，无公开上市或大型集团背景，推测为中小民营企业。,自动化系统,未知,未知,未知,未知,未知,未知,未知,2024,1,签就业协议形式就业
武汉海纳汇才人力资源有限责任公司,中小民企,中,名称显示为人力资源有限责任公司，无公开上市或大型集团背景，推测为中小民营企业。,人力资源服务,未知,未知,未知,未知,未知,未知,未知,2024,1,签就业协议形式就业
求职中,其他/无法判断,高,该表述表示求职状态而非具体就业单位，无法归类为任何单位类型。,不适用,不适用,不适用,不适用,不适用,不适用,不适用,不适用,"2023,2024",23,待就业
江苏中有环保材料科技有限公司,中小民企,中,名称含“环保材料科技”，无国资或外资背景，推测为中小型民营企业。,环保材料,未知,未知,未知,未知,未知,未知,未知,2024,2,签就业协议形式就业
江苏天合储能有限公司,大型民企,高,天合光能（688599.SH）旗下储能业务公司，天合光能为大型民营上市公司。,储能系统集成,未知,未知,未知,未知,未知,高纪凡,中国,2023,1,签就业协议形式就业
江苏天奈科技股份有限公司,大型民企,高,科创板上市公司（688116.SH），碳纳米管导电剂龙头，属于大型民营企业。,碳纳米管导电剂,未知,未知,未知,未知,未知,郑涛,中国,2024,1,签就业协议形式就业
江苏屹信航天科技有限公司,中小民企,中,名称含“航天科技”，无国资背景信息，推测为中小型民营航天企业。,航天科技,未知,未知,未知,未知,未知,未知,未知,2023,1,签劳动合同形式就业
江苏弘拓建设工程有限公司,中小民企,中,名称含“建设工程”，无国资或外资背景，推测为中小型民营建筑企业。,建筑工程,未知,未知,未知,未知,未知,未知,未知,2023,1,签就业协议形式就业
江苏微导纳米科技股份有限公司,大型民企,高,科创板上市公司（688147.SH），原子层沉积设备供应商，属于大型民营企业。,半导体设备,未知,未知,未知,未知,未知,王磊,中国,2024,1,签劳动合同形式就业
江苏杰士德精密工业有限公司,大型民企,中,杰士德集团为大型民营自动化设备企业，该公司为其在江苏的精密工业子公司。,精密工业/自动化设备,未知,未知,未知,未知,未知,景余祥,中国,2023,1,签就业协议形式就业
江苏沙钢集团淮钢特钢股份有限公司,大型民企,高,沙钢集团为大型民营钢铁企业，淮钢特钢是其控股子公司。,钢铁制造,未知,未知,未知,未知,未知,沈文荣,中国,2023,1,签就业协议形式就业
江苏科瑞恩科技股份有限公司,大型民企,中,股份有限公司，非上市，规模较大，属民营自动化设备企业。,自动化设备制造,未知,未知,未知,未知,未知,未知,未知,2023,2,签劳动合同形式就业
江苏金箭车业制造有限公司,大型民企,中,国内知名电动车制造企业，民营企业，规模较大。,电动两轮车制造,未知,未知,未知,未知,未知,未知,未知,2023,1,签劳动合同形式就业
沈阳体育学院,高校/升学,高,毕业去向或单位名称指向升学/高校,不适用,不适用,不适用,不适用,不适用,不适用,不适用,不适用,2023,1,境内升学
沈阳工业大学,高校/升学,高,毕业去向或单位名称指向升学/高校,不适用,不适用,不适用,不适用,不适用,不适用,不适用,不适用,"2023,2024",2,境内升学
沈阳航空航天大学,高校/升学,高,毕业去向或单位名称指向升学/高校,不适用,不适用,不适用,不适用,不适用,不适用,不适用,不适用,2023,1,境内升学
沪士电子股份有限公司,大型民企,高,A股上市公司（002463），民营控股，PCB行业龙头之一。,印制电路板制造,约150亿元,约100亿元,约15亿元,未知,2023,吴礼淦,中国,2023,1,签就业协议形式就业
河北工业大学,高校/升学,高,毕业去向或单位名称指向升学/高校,不适用,不适用,不适用,不适用,不适用,不适用,不适用,不适用,2024,1,境内升学
河北建筑工程学院,高校/升学,高,毕业去向或单位名称指向升学/高校,不适用,不适用,不适用,不适用,不适用,不适用,不适用,不适用,2024,1,境内升学
河南师范大学,高校/升学,高,毕业去向或单位名称指向升学/高校,不适用,不适用,不适用,不适用,不适用,不适用,不适用,不适用,2024,1,境内升学
河海大学,高校/升学,高,毕业去向或单位名称指向升学/高校,不适用,不适用,不适用,不适用,不适用,不适用,不适用,不适用,2024,1,境内升学
济南丹夫食品销售有限公司,中小民企,中,食品销售公司，规模较小，民营企业。,食品销售,未知,未知,未知,未知,未知,未知,未知,2023,1,签劳动合同形式就业
浙江华特新材料有限公司,中小民企,中,新材料领域有限公司，规模较小，民营企业。,新材料,未知,未知,未知,未知,未知,未知,未知,2024,1,签就业协议形式就业
浙江宇越新材料有限公司,中小民企,中,新材料领域有限公司，规模较小，民营企业。,新材料,未知,未知,未知,未知,未知,未知,未知,2024,1,签就业协议形式就业
浙江宝绿特环保技术工程有限公司,中小民企,中,环保技术工程公司，规模较小，民营企业。,环保技术工程,未知,未知,未知,未知,未知,未知,未知,2024,1,签就业协议形式就业
浙江工业大学,高校/升学,高,毕业去向或单位名称指向升学/高校,不适用,不适用,不适用,不适用,不适用,不适用,不适用,不适用,2023,1,境内升学
浙江师范大学,高校/升学,高,毕业去向或单位名称指向升学/高校,不适用,不适用,不适用,不适用,不适用,不适用,不适用,不适用,2024,1,境内升学
浙江明贺钢管有限公司,中小民企,中,名称含'钢管'且为浙江有限责任公司，无国资背景，推测为中小型民营企业。,金属制品业,未知,未知,未知,未知,未知,未知,未知,2024,1,签劳动合同形式就业
浙江永耀机械科技有限公司,中小民企,中,名称含'机械科技'且为浙江有限责任公司，无国资背景，推测为中小型民营企业。,通用设备制造业,未知,未知,未知,未知,未知,未知,未知,2023,1,签劳动合同形式就业
浙江浙能嘉华发电有限公司,国企,高,浙能集团旗下发电企业，属于浙江省属国有企业。,电力、热力生产和供应业,未知,未知,未知,未知,未知,不适用,不适用,2023,1,签就业协议形式就业
浙江炜冈科技股份有限公司,大型民企,中,上市公司（股票代码001256），印刷机械行业知名企业，推测为大型民营企业。,专用设备制造业,未知,未知,未知,未知,未知,未知,未知,2024,1,签就业协议形式就业
浙江禾川科技股份有限公司,大型民企,中,上市公司（股票代码688320），工业自动化领域企业，推测为大型民营企业。,仪器仪表制造业,未知,未知,未知,未知,未知,未知,未知,2023,1,签就业协议形式就业
浙江科甬泰自动化科技有限公司,中小民企,中,名称含'自动化科技'且为浙江有限责任公司，无国资背景，推测为中小型民营企业。,专用设备制造业,未知,未知,未知,未知,未知,未知,未知,2023,1,签劳动合同形式就业
浙江致森汽车电子有限公司,中小民企,中,名称含'汽车电子'且为浙江有限责任公司，无国资背景，推测为中小型民营企业。,汽车制造业,未知,未知,未知,未知,未知,未知,未知,2023,1,签劳动合同形式就业
浙江融信达电源科技有限公司,中小民企,中,名称含'电源科技'且为浙江有限责任公司，无国资背景，推测为中小型民营企业。,电气机械和器材制造业,未知,未知,未知,未知,未知,未知,未知,2024,2,签就业协议形式就业
海口市云幼信息咨询服务中心,中小民企,中,名称含'信息咨询服务中心'，通常为个人或小型企业，无公开大型企业信息。,信息咨询服务,未知,未知,未知,未知,未知,未知,未知,2023,1,签就业协议形式就业
海特克动力股份有限公司,大型民企,中,股份有限公司，名称含'动力'，可能为液压动力机械企业，非上市但规模较大。,液压动力机械制造,未知,未知,未知,未知,未知,未知,未知,2024,1,签就业协议形式就业
淮南万泰电子股份有限公司,大型民企,中,股份有限公司，名称含'电子'，可能为电子设备制造企业，非上市但规模较大。,电子设备制造,未知,未知,未知,未知,未知,未知,未知,2023,1,签劳动合同形式就业
淮南丰远水泥有限公司,中小民企,中,有限责任公司，名称含'水泥'，可能为中小型水泥生产企业。,水泥制造,未知,未知,未知,未知,未知,未知,未知,2023,1,签劳动合同形式就业
淮南光源电力维修工程有限责任公司,中小民企,中,有限责任公司，名称含'电力维修工程'，可能为中小型电力维修企业。,电力维修工程,未知,未知,未知,未知,未知,未知,未知,2024,1,签劳动合同形式就业
淮南市万维机电有限公司,中小民企,中,有限责任公司，名称含'机电'，可能为中小型机电设备企业。,机电设备,未知,未知,未知,未知,未知,未知,未知,2023,2,签就业协议形式就业
淮南市文星商贸有限公司,中小民企,中,有限责任公司，名称含'商贸'，可能为中小型商贸企业。,商贸,未知,未知,未知,未知,未知,未知,未知,2024,2,签就业协议形式就业
淮南市星通科技中心,中小民企,中,名称含'科技中心'，可能为个人独资或合伙的中小型科技企业。,科技服务,未知,未知,未知,未知,未知,未知,未知,2023,2,签劳动合同形式就业
淮南市泰能电力工程有限公司,中小民企,中,名称显示为电力工程类有限责任公司，无国资或外资背景，推测为中小型民营企业。,电力工程,未知,未知,未知,未知,未知,未知,未知,2024,9,签劳动合同形式就业 / 签就业协议形式就业
淮南市派菲慢客文化传媒有限公司,中小民企,中,名称显示为文化传媒类有限责任公司，无国资或外资背景，推测为中小型民营企业。,文化传媒,未知,未知,未知,未知,未知,未知,未知,2024,2,签就业协议形式就业
淮南市火村建筑劳务有限公司,中小民企,中,名称显示为建筑劳务类有限责任公司，无国资或外资背景，推测为中小型民营企业。,建筑劳务,未知,未知,未知,未知,未知,未知,未知,2023,1,签劳动合同形式就业
淮南市精英技工学校,其他/无法判断,低,技工学校可能为民办或公办，但公开信息不足，无法准确判断其所有制类别。,不适用,不适用,不适用,不适用,不适用,不适用,不适用,不适用,2024,1,签就业协议形式就业
淮南市越锋体育健身服务有限责任公司,中小民企,中,名称显示为体育健身服务类有限责任公司，无国资或外资背景，推测为中小型民营企业。,体育健身服务,未知,未知,未知,未知,未知,未知,未知,2024,1,签就业协议形式就业
淮南市鑫然装饰工程有限公司,中小民企,中,名称显示为装饰工程类有限责任公司，无国资或外资背景，推测为中小型民营企业。,建筑装饰,未知,未知,未知,未知,未知,未知,未知,2024,3,签就业协议形式就业
淮南易思教育咨询有限公司,中小民企,中,名称显示为教育咨询类有限责任公司，无国资或外资背景，推测为中小型民营企业。,教育咨询,未知,未知,未知,未知,未知,未知,未知,2023,2,签就业协议形式就业
淮南易思教育咨询有限责任公司,中小民企,中,名称显示为教育咨询类有限责任公司，无国资或外资背景，推测为中小型民营企业。,教育咨询,未知,未知,未知,未知,未知,未知,未知,"2023,2024",8,签劳动合同形式就业 / 签就业协议形式就业
淮南薪火教育科技有限公司,中小民企,中,名称含教育科技，通常为民营中小企业。,教育科技,未知,未知,未知,未知,未知,未知,未知,2024,3,签就业协议形式就业
淮南辉龙电子科技有限公司,中小民企,中,名称含电子科技，通常为民营中小企业。,电子科技,未知,未知,未知,未知,未知,未知,未知,2024,2,签就业协议形式就业
淮南通商农村商业银行股份有限公司,国企,中,农村商业银行通常由地方国资或国企控股。,银行金融,未知,未知,未知,未知,未知,不适用,不适用,2024,1,签就业协议形式就业
淮南飞航教育咨询有限公司,中小民企,中,名称含教育咨询，通常为民营中小企业。,教育咨询,未知,未知,未知,未知,未知,未知,未知,2024,3,签就业协议形式就业
淮河能源控股集团有限责任公司,国企,高,安徽省属国有独资公司，大型能源企业。,能源,未知,未知,未知,未知,未知,不适用,不适用,2024,8,签就业协议形式就业
深圳市亿时代实业有限公司,中小民企,中,名称含实业，通常为民营中小企业。,实业,未知,未知,未知,未知,未知,未知,未知,2023,2,签劳动合同形式就业
深圳市华耀商品检验有限公司,中小民企,中,名称含商品检验，通常为民营中小企业。,商品检验,未知,未知,未知,未知,未知,未知,未知,2024,1,签劳动合同形式就业
深圳市怀享光电科技有限公司,中小民企,中,名称含光电科技，通常为民营中小企业。,光电科技,未知,未知,未知,未知,未知,未知,未知,2024,1,签就业协议形式就业
深圳市理士新能源发展有限公司,大型民企,中,理士国际旗下新能源企业，港股上市公司，属大型民企。,新能源电池,未知,未知,未知,未知,未知,董李,中国,2024,1,签就业协议形式就业
深圳市盛熙智能科技设备有限公司,中小民企,中,名称含智能科技设备，无公开上市或国资背景，推测为中小民企。,智能科技设备,未知,未知,未知,未知,未知,未知,未知,2023,1,签劳动合同形式就业
深圳市霸道文化有限公司,中小民企,中,名称含文化，无公开上市或国资背景，推测为中小民企。,文化,未知,未知,未知,未知,未知,未知,未知,2023,2,签劳动合同形式就业
温州霖安矿业科技有限公司,中小民企,中,名称含矿业科技，无公开上市或国资背景，推测为中小民企。,矿业科技,未知,未知,未知,未知,未知,未知,未知,2024,2,签就业协议形式就业
湖北工业大学,高校/升学,高,毕业去向或单位名称指向升学/高校,不适用,不适用,不适用,不适用,不适用,不适用,不适用,不适用,2024,1,境内升学
湖州朴悦装饰设计有限公司,中小民企,中,名称含装饰设计，无公开上市或国资背景，推测为中小民企。,装饰设计,未知,未知,未知,未知,未知,未知,未知,2023,3,签劳动合同形式就业 / 签就业协议形式就业
湖州瑞友影视文化传媒有限责任公司,中小民企,中,名称含影视文化传媒，无公开上市或国资背景，推测为中小民企。,影视文化传媒,未知,未知,未知,未知,未知,未知,未知,2024,1,签就业协议形式就业
滁州市海正模具制造有限公司,中小民企,中,名称含模具制造，无公开上市或国资背景，推测为中小民企。,模具制造,未知,未知,未知,未知,未知,未知,未知,2024,2,签就业协议形式就业
滁州市琅琊区民政局,机关事业单位/基层项目,高,毕业去向为基层项目,不适用,不适用,不适用,不适用,不适用,不适用,不适用,不适用,2024,1,国家基层项目
滁州皖能环保电力有限公司,国企,高,皖能集团旗下企业，属地方国有企业。,环保电力,未知,未知,未知,未知,未知,不适用,不适用,2023,1,签就业协议形式就业
火箭军,部队/应征,高,毕业去向或单位名称指向部队/应征,不适用,不适用,不适用,不适用,不适用,不适用,不适用,不适用,2024,1,应征义务兵
爱尔集新能源电池（南京）有限公司,外企,高,LG新能源（韩国）在华全资子公司，属外商独资企业。,新能源电池制造,未知,未知,未知,未知,未知,LG新能源（株式会社LG新能源）,韩国,2023,1,签就业协议形式就业
牧星机器人（浙江）有限公司,中小民企,中,名称含‘机器人’且为有限责任公司，无国资或外资背景，推测为民营中小企业。,机器人/智能装备,未知,未知,未知,未知,未知,未知,未知,2024,1,签就业协议形式就业
田家庵区奇威奇商贸行,中小民企,中,个体工商户或小微商贸企业，属民营中小规模。,商贸零售,未知,未知,未知,未知,未知,未知,未知,2023,1,签劳动合同形式就业
田家庵区征兵办,部队/应征,高,毕业去向或单位名称指向部队/应征,不适用,不适用,不适用,不适用,不适用,不适用,不适用,不适用,2024,1,应征义务兵
田家庵区爱奇商铺商贸门市部,中小民企,中,个体工商户或小微商贸门市部，属民营中小规模。,商贸零售,未知,未知,未知,未知,未知,未知,未知,2023,2,签劳动合同形式就业
盐城中科高通量计算研究院有限公司,国企,中,名称含‘中科’且为研究院有限公司，可能具有国资或科研院所背景。,高通量计算/科研服务,未知,未知,未知,未知,未知,不适用,不适用,2023,1,签劳动合同形式就业
石家庄铁道大学,高校/升学,高,毕业去向或单位名称指向升学/高校,不适用,不适用,不适用,不适用,不适用,不适用,不适用,不适用,2024,1,境内升学
砀山铁路中学,机关事业单位/基层项目,高,公办中学，属事业单位。,不适用,不适用,不适用,不适用,不适用,不适用,不适用,不适用,2024,1,签劳动合同形式就业
福州国中汽车配件有限公司,中小民企,中,有限责任公司，无国资或外资明显背景，推测为民营中小企业。,汽车配件制造,未知,未知,未知,未知,未知,未知,未知,2023,1,签劳动合同形式就业
科沛达半导体（安徽）有限公司,中小民企,中,有限责任公司，无国资或外资明显背景，推测为民营半导体中小企业。,半导体,未知,未知,未知,未知,未知,未知,未知,2023,4,签劳动合同形式就业
空间无限人力资源管理顾问有限公司,中小民企,中,名称含'人力资源管理顾问'，通常为民营人力资源服务企业，规模一般。,人力资源服务,未知,未知,未知,未知,未知,未知,未知,2024,1,签就业协议形式就业
等待体检,部队/应征,高,毕业去向或单位名称指向部队/应征,不适用,不适用,不适用,不适用,不适用,不适用,不适用,不适用,2023,1,应征义务兵
等待分配,部队/应征,高,毕业去向或单位名称指向部队/应征,不适用,不适用,不适用,不适用,不适用,不适用,不适用,不适用,2023,4,应征义务兵
等待政审,部队/应征,高,毕业去向或单位名称指向部队/应征,不适用,不适用,不适用,不适用,不适用,不适用,不适用,不适用,2024,1,应征义务兵
聆创（上海）机电技术有限公司,中小民企,中,名称含'机电技术'，通常为民营中小型技术企业。,机电技术,未知,未知,未知,未知,未知,未知,未知,2023,1,签就业协议形式就业
舒城县城关镇中心学校,机关事业单位/基层项目,高,公办学校，属于事业单位。,不适用,不适用,不适用,不适用,不适用,不适用,不适用,不适用,2024,1,签就业协议形式就业
航发优材（镇江）高温合金有限公司,国企,高,中国航发集团旗下企业，属于国有企业。,高温合金材料,未知,未知,未知,未知,未知,不适用,不适用,2023,1,签就业协议形式就业
芜湖京师职业学校,中小民企,中,民办职业学校，通常为企业或社会组织举办，按中小民企归类。,职业教育,未知,未知,未知,未知,未知,未知,未知,2024,1,签劳动合同形式就业
芜湖力锐德电子科技有限公司,中小民企,中,名称含'电子科技'，通常为民营中小型科技企业。,电子科技,未知,未知,未知,未知,未知,未知,未知,2024,1,签劳动合同形式就业
芜湖固高自动化技术有限公司,中小民企,中,名称含'自动化技术'，通常为民营中小型技术企业。,自动化技术,未知,未知,未知,未知,未知,未知,未知,2024,1,签就业协议形式就业
芜湖埃泰克汽车电子股份有限公司,大型民企,中,股份有限公司，汽车电子领域知名企业，规模较大，通常为民营。,汽车电子,未知,未知,未知,未知,未知,未知,未知,2024,1,签劳动合同形式就业
芜湖如一轴承有限公司,中小民企,中,轴承制造企业，规模较小，疑似民营企业。,轴承制造,未知,未知,未知,未知,未知,未知,未知,2023,1,签劳动合同形式就业
芜湖美的厨卫电器制造有限公司,大型民企,高,美的集团旗下子公司，美的为大型民营企业。,厨卫电器制造,未知,未知,未知,未知,未知,何享健,中国,"2023,2024",3,签劳动合同形式就业
苏州欧朗德智能科技有限公司,中小民企,中,智能科技领域中小企业，疑似民营企业。,智能科技,未知,未知,未知,未知,未知,未知,未知,2023,1,签劳动合同形式就业
苏州珣浩文化传媒有限公司,中小民企,中,文化传媒类小微企业，疑似民营企业。,文化传媒,未知,未知,未知,未知,未知,未知,未知,2023,1,签劳动合同形式就业
苏州领焓能源科技有限公司,中小民企,中,能源科技领域中小企业，疑似民营企业。,能源科技,未知,未知,未知,未知,未知,未知,未知,2023,1,签劳动合同形式就业
萧县日日顺电器有限公司,中小民企,中,电器销售企业，规模较小，疑似民营企业。,电器销售,未知,未知,未知,未知,未知,未知,未知,2024,1,签就业协议形式就业
蓝讯汽车空气悬架系统（滁州）有限公司,中小民企,中,汽车零部件制造企业，疑似民营企业。,汽车零部件制造,未知,未知,未知,未知,未知,未知,未知,2024,1,签劳动合同形式就业
蚌埠信泰网络通讯技术有限公司,中小民企,中,网络通讯技术企业，疑似民营企业。,网络通讯技术,未知,未知,未知,未知,未知,未知,未知,2024,1,签就业协议形式就业
蚌埠市人力资源保障社会保障局,机关事业单位/基层项目,高,毕业去向为基层项目,不适用,不适用,不适用,不适用,不适用,不适用,不适用,不适用,2023,1,地方基层项目
蚌埠汽车工程学校,中小民企,低,名称含学校，但未明确公办，可能为民办职业学校，按中小民企归类。,教育,未知,未知,未知,未知,未知,未知,未知,2023,1,签就业协议形式就业
西安石油大学,高校/升学,高,毕业去向或单位名称指向升学/高校,不适用,不适用,不适用,不适用,不适用,不适用,不适用,不适用,2024,1,境内升学
西安科技大学,高校/升学,高,毕业去向或单位名称指向升学/高校,不适用,不适用,不适用,不适用,不适用,不适用,不适用,不适用,2023,1,境内升学
西柏思机电设备（嘉兴）有限公司,外企,中,名称含外资常见命名特征，可能为外商投资企业。,机电设备,未知,未知,未知,未知,未知,未知,未知,2023,1,签就业协议形式就业
西部计划,机关事业单位/基层项目,高,毕业去向为基层项目,不适用,不适用,不适用,不适用,不适用,不适用,不适用,不适用,2024,3,国家基层项目
西部计划中央基层项目,机关事业单位/基层项目,高,毕业去向为基层项目,不适用,不适用,不适用,不适用,不适用,不适用,不适用,不适用,2023,1,国家基层项目
见习中,其他/无法判断,高,非具体单位名称，仅为状态描述。,不适用,不适用,不适用,不适用,不适用,不适用,不适用,不适用,2023,1,待就业
诸暨市拓兴绣花机配件有限公司,中小民企,高,名称含自然人控股特征的有限公司，规模较小，属中小民企。,机械制造,未知,未知,未知,未知,未知,未知,未知,2024,3,签就业协议形式就业
诸葛云（南京）科技有限公司,中小民企,高,名称含科技公司，通常为民营中小企业。,科技,未知,未知,未知,未知,未知,未知,未知,2024,2,签就业协议形式就业
诺得网络科技股份有限公司,大型民企,中,股份有限公司，名称含网络科技，可能为大型民企。,网络科技,未知,未知,未知,未知,未知,未知,未知,2024,1,签劳动合同形式就业
诺诚（深圳）电商物流科技有限公司,中小民企,高,名称含电商物流科技，通常为民营中小企业。,电商物流,未知,未知,未知,未知,未知,未知,未知,2023,1,签劳动合同形式就业
辛柏机械技术（太仓）有限公司,外企,中,名称含外资常见命名特征，可能为外商投资企业。,机械技术,未知,未知,未知,未知,未知,未知,未知,2024,2,签就业协议形式就业
通威太阳能（安徽）有限公司,大型民企,高,通威集团旗下子公司，通威集团为大型民营企业，主营光伏新能源。,光伏新能源,未知,未知,未知,未知,未知,刘汉元,中国,"2023,2024",10,签就业协议形式就业
郑州高途云集教育科技有限公司,大型民企,高,高途集团（跟谁学）旗下子公司，高途为大型民营教育科技企业。,教育科技,未知,未知,未知,未知,未知,陈向东,中国,2023,1,签劳动合同形式就业
重庆交通大学,高校/升学,高,毕业去向或单位名称指向升学/高校,不适用,不适用,不适用,不适用,不适用,不适用,不适用,不适用,2024,1,境内升学
重庆飞驶特人力资源管理有限公司,中小民企,中,人力资源服务类公司，通常为民营中小企业。,人力资源服务,未知,未知,未知,未知,未知,未知,未知,2024,1,签劳动合同形式就业
金佰世（芜湖）智能装备有限公司,中小民企,中,智能装备领域公司，通常为民营中小企业。,智能装备制造,未知,未知,未知,未知,未知,未知,未知,2023,1,签劳动合同形式就业
金肯职业技术学院,高校/升学,高,毕业去向或单位名称指向升学/高校,不适用,不适用,不适用,不适用,不适用,不适用,不适用,不适用,2023,3,签劳动合同形式就业 / 签就业协议形式就业
铜陵化学工业集团有限公司,国企,高,铜陵市属国有大型化工企业集团。,化学工业,未知,未知,未知,未知,未知,不适用,不适用,2023,1,签就业协议形式就业
镇江江南化工有限公司,中小民企,中,化工领域公司，通常为民营中小企业。,化学工业,未知,未知,未知,未知,未知,未知,未知,2024,1,签就业协议形式就业
长丰县应急管理局,机关事业单位/基层项目,高,县级政府应急管理部门，属于机关单位。,不适用,不适用,不适用,不适用,不适用,不适用,不适用,不适用,2024,1,签就业协议形式就业
长江大学,高校/升学,高,毕业去向或单位名称指向升学/高校,不适用,不适用,不适用,不适用,不适用,不适用,不适用,不适用,2023,1,境内升学
长虹美菱股份有限公司,国企,高,长虹集团旗下上市公司，实际控制人为绵阳市国资委。,家电制造,未知,未知,未知,未知,未知,不适用,不适用,"2023,2024",9,签劳动合同形式就业 / 签就业协议形式就业
长鑫存储技术有限公司,大型民企,高,长鑫存储是合肥长鑫集成电路有限责任公司的运营主体，属于民营控股的半导体存储芯片企业，规模较大。,半导体/集成电路制造,未知,未知,未知,未知,未知,未知,未知,2024,3,签就业协议形式就业
阜阳度德医疗科技有限公司,中小民企,高,名称显示为医疗科技类有限责任公司，注册地在阜阳，无公开信息表明其为大型企业或国企，按中小民企归类。,医疗科技,未知,未知,未知,未知,未知,未知,未知,2024,1,签就业协议形式就业
阜阳达不同科技服务有限公司,中小民企,高,名称显示为科技服务类有限责任公司，注册地在阜阳，无公开信息表明其为大型企业或国企，按中小民企归类。,科技服务,未知,未知,未知,未知,未知,未知,未知,2024,3,签就业协议形式就业
阳光电源股份有限公司,大型民企,高,阳光电源是A股上市公司，主营光伏逆变器等新能源设备，为知名大型民营企业。,新能源/光伏设备,未知,未知,未知,未知,未知,曹仁贤,中国,2023,2,签就业协议形式就业
陆军,部队/应征,高,毕业去向或单位名称指向部队/应征,不适用,不适用,不适用,不适用,不适用,不适用,不适用,不适用,2024,6,应征义务兵
陕汽淮南专用汽车有限公司,国企,高,陕汽淮南专用汽车有限公司是陕西汽车控股集团有限公司（陕汽集团）的子公司，陕汽集团为国有企业，故归类为国企。,专用汽车制造,未知,未知,未知,未知,未知,不适用,不适用,2023,4,签就业协议形式就业
青岛海尔智慧电器设备有限公司,大型民企,高,该公司是海尔集团旗下企业，海尔集团为集体所有制企业改制而来的大型民营企业集团，按大型民企归类。,智能家电/电器设备制造,未知,未知,未知,未知,未知,未知,未知,2023,1,签劳动合同形式就业
青岛铭浩源精密机械有限公司,中小民企,高,名称显示为精密机械类有限责任公司，注册地在青岛，无公开信息表明其为大型企业或国企，按中小民企归类。,精密机械制造,未知,未知,未知,未知,未知,未知,未知,2023,1,签劳动合同形式就业
颍泉区尚购便民店,中小民企,中,名称显示为个体工商户或小型便民店，通常按中小民企（含个体户）归类，但具体性质需以工商登记为准。,零售/便利店,未知,未知,未知,未知,未知,未知,未知,2023,1,自主创业
香江科技股份有限公司,大型民企,中,名称含'股份有限公司'，公开信息显示为民营通信设备企业，规模较大。,通信设备制造,未知,未知,未知,未知,未知,未知,未知,2024,1,签就业协议形式就业
马鞍山众翌科技有限公司,中小民企,中,名称含'科技有限公司'，无公开大型国企或外企背景，推测为中小型民营企业。,未知,未知,未知,未知,未知,未知,未知,未知,2023,1,签就业协议形式就业
马鞍山方圆动力科技有限公司,中小民企,中,名称含'科技有限公司'，无公开大型国企或外企背景，推测为中小型民营企业。,未知,未知,未知,未知,未知,未知,未知,未知,2024,1,签就业协议形式就业
马鞍山钢铁股份有限公司,国企,高,上市公司，实际控制人为中国宝武钢铁集团有限公司，属于中央国有企业。,钢铁,未知,未知,未知,未知,未知,不适用,不适用,2023,1,签就业协议形式就业
麦格纳宏立汽车系统（合肥）有限公司,外企,高,麦格纳国际为加拿大外资企业，该单位为其在华合资/独资公司。,汽车零部件制造,未知,未知,未知,未知,未知,未知,加拿大,2024,1,签劳动合同形式就业
黄山市瑞兴汽车电子有限公司,中小民企,中,名称含'有限公司'，无公开大型国企或外企背景，推测为中小型民营企业。,汽车电子,未知,未知,未知,未知,未知,未知,未知,2024,1,签就业协议形式就业
黄山艾科装备科技有限公司,中小民企,中,名称含'科技有限公司'，无公开大型国企或外企背景，推测为中小型民营企业。,装备制造,未知,未知,未知,未知,未知,未知,未知,2024,1,签就业协议形式就业
